Al-Ahmad, A S;Aljunid, S A;Sani, A S A;;;;;;;;
Li, Xiujiang;Jiang, Yanyan;Liu, Yepang;Xu, Chang;Ma, Xiaoxing;Lu, Jian;;;;;
Zhauniarovich, Y;Philippov, A;Gadyatskaya, O;Crispo, B;Massacci, F;;;;;;
Boushehrinejadmoradi, N;Ganapathy, V;Nagarakatte, S;Iftode, L;;;;;;;
Morgado, Ines Coimbra;Paiva, Ana C R;;;;;;;;;
Morgado, Ines Coimbra;Paiva, Ana C R;;;;;;;;;
Yang, Kun;Zhuge, Jianwei;Wang, Yongke;Zhou, Lujue;Duan, Haixin;;;;;;
Abogharaf, Abdulhakim;Palit, Rajesh;Naik, Kshirasagar;Singh, Ajit;;;;;;;
Hu, Cuixiong;Neamtiu, Iulian;;;;;;;;;
Palit, Rajesh;Arya, Renuka;Naik, Kshirasagar;Singh, Ajit;;;;;;;
Liu, Zhifang;Liu, Bin;Gao, Xiaopeng;;;;;;;;
Mahmood, Riyadh;Esfahani, Naeem;Kacem, Thabet;Mirzaei, Nariman;Malek, Sam;Stavrou, Angelos;;;;;
Starov, Oleksii;Vilkomir, Sergiy;;;;;;;;;
Avancini, Andrea;Ceccato, Mariano;;;;;;;;;
Bo, Jiang;Xiang, Long;Xiaopeng, Gao;;;;;;;;
Guo, Chenkai;Xu, Jing;Yang, Hongji;Zeng, Ying;Xing, Shuang;;;;;;
Muccini, Henry;Di Francesco, Antonio;Esposito, Patrizio;;;;;;;;
Meads, Andrew;Naderi, Habib;Warren, Ian;;;;;;;;
She, Sakura;Sivapalan, Sasindran;Warren, Ian;;;;;;;;
Weiss, Dawid;Zduniak, Marcin;;;;;;;;;
Tao, Chuanqi;Gao, Jerry;Li, Bixin;;;;;;;;
Mendez-Porras, Abel;Quesada-lopez, Christian;Jenkins, Marcelo;;;;;;;;
Mendez-Porras, Abel;Alfaro-Velasco, Jorge;Jenkins, Marcelo;Porras, Alexandra Martinez;;;;;;;
Rastogi, Vaibhav;Chen, Yan;Enck, William;;;;;;;;
Wen, Hsiang-Lin;Lin, Chia-Hui;Hsieh, Tzong-Han;Yang, Cheng-Zen;;;;;;;
Gao, Jerry;Bai, Xiaoying;Tsai, Wei-Tek;Uehara, Tadahiro;;;;;;;
Amalfitano, Domenico;Amatucci, Nicola;Fasolino, Anna Rita;Tramontana, Porfirio;;;;;;;
do Nascimento, Laisa H O;Machado, Patricia D L;;;;;;;;;
Ridene, Youssef;Barbier, Franck;Belloir, Nicolas;Couture, Nadine;;;;;;;
Bruno, Rodrigo;Santos, Nuno;Ferreira, Paulo;;;;;;;;
Ridene, Youssef;Barbier, Franck;;;;;;;;;
Farto, Guilherme de Cleva;Endo, Andre Takeshi;;;;;;;;;
Machiry, Aravind;Tahiliani, Rohan;Naik, Mayur;;;;;;;;
Hu, Gang;Yuan, Xinhao;Tang, Yang;Yang, Junfeng;;;;;;;
Yang, Wei;Prasad, Mukul R;Xie, Tao;;;;;;;;
Gagnon, Francois;Ferland, Marc-Antoine;Fortier, Marc-Antoine;Desloges, Simon;Ouellet, Jonathan;Boileau, Catherine;;;;;
Gao, Jerry;Tsai, Wei-Tek;Paul, Ray;Bai, Xiaoying;Uehara, Tadahiro;;;;;;
Gronli, Tor-morten;Ghinea, Gheorghita;;;;;;;;;
Rajani, V.S.Sundara;Malini, A;Sundarakantham, K;;;;;;;;
Jadhav, Suyash;Oh, Tae;Kim, Young Ho;Kim, Joeng Nyeo;;;;;;;
Malini, A;Venkatesh, N;Sundarakantham, K;Mercyshalinie, S;;;;;;;
Liu, Zhifang;Gao, Xiaopeng;Long, Xiang;;;;;;;;
Nagowah, L;Sowamber, G;;;;;;;;;
Ahmed, Maryam;Ibrahim, Rosziati;Ibrahim, Noraini;;;;;;;;
Ham, Hyung Kil;Park, Young Bom;;;;;;;;;
Puspika, Blasius Neri;Hendradjaya, Bayu;Danar Sunindyo, Wikan;;;;;;;;
Kwon, Oh Hyun;Hwang, Sun Myung;;;;;;;;;
Ko, Jong-won;Sim, Sung-Ho;Song, Young-Jae;;;;;;;;
Adinata, Muhammad;Liem, Inggriani;;;;;;;;;
Liu, Zhifang;Liu, Bin;Gao, Xiao-peng;;;;;;;;
Jaaskelainen, Antti;Katara, Mika;Kervinen, Antti;Maunumaa, Mika;Paakkonen, Tuula;Takala, Tommi;Virtanen, Heikki;;;;
Wang, Zhimin;Elbaum, Sebastian;Rosenblum, David S;;;;;;;;
Gomez, Lorenzo;Neamtiu, Iulian;Azim, Tanzirul;Millstein, Todd;;;;;;;
Starov, Oleksii;Vilkomir, Sergiy;Kharchenko, Vyacheslav;;;;;;;;
Kochhar, P S;Thung, F;Nagappan, N;Zimmermann, T;Lo, D;;;;;;
Takala, Tommi;Katara, Mika;Harty, J;;;;;;;;
Franke, D;Kowalewski, S;Weise, C;Prakobkosol, N;;;;;;;
Zaeem, R N;Prasad, Mukul R;Khurshid, S;;;;;;;;
Hargassner, W;Hofer, T;Klammer, C;Pichler, J;Reisinger, G;;;;;;
Vilkomir, Sergiy;Amstutz, Brandi;;;;;;;;;
Amalfitano, Domenico;Fasolino, Anna Rita;Tramontana, Porfirio;;;;;;;;
Knorr, Konstantin;Aspinall, David;;;;;;;;;
Amalfitano, Domenico;Fasolino, Anna Rita;Tramontana, Porfirio;Amatucci, Nicola;;;;;;;
Saad, Nurul Husna;Bakar, Normi Sham Awar Abu;;;;;;;;;
Kim, Heejin;Choi, Byoungju;Yoon, Seokjin;;;;;;;;
Liu, Zhenyu;Hu, Yun;Cai, Lizhi;;;;;;;;
Rumee, Sarker T Ahmed;Liu, Donggang;;;;;;;;;
Dantas, Valeria Lelli Leitao;Marinho, Fabiana Gomes;Da Costa, Aline Luiza;Andrade, Rossana M C;;;;;;;
Salva, Sebastien;Zafimiharisoa, Stassia R;;;;;;;;;
Joorabchi, M E;Ali, M;Mesbah, A;;;;;;;;
Yan, Dacong;Yang, Shengqian;Rountev, Atanas;;;;;;;;
Jensen, Casper S;Prasad, Mukul R;Moller, Anders;;;;;;;;
Choudhary, Shauvik Roy;Prasad, Mukul R;Orso, Alessandro;;;;;;;;
Nistor, Adrian;Ravindranath, Lenin;;;;;;;;;
Hay, Roee;Tripp, Omer;Pistoia, Marco;;;;;;;;
Adamsen, Christoffer Quist;Mezzetti, Gianluca;Moller, Anders;;;;;;;;
Benli, S;Habash, A;Herrmann, A;Loftis, T;Simmonds, D;;;;;;
Jing, Yiming;Ahn, Gail-Joon;Hu, Hongxin;;;;;;;;
Tao, Chuanqi;Gao, Jerry;;;;;;;;;
Zein, Samer;Salleh, Norsaremah;Grundy, John;;;;;;;;
Bl, Thomas;Batyuk, Leonid;Schmidt, Aubrey-derrick;Camtepe, Seyit Ahmet;Albayrak, Sahin;;;;;;
Gilbert, Peter;Chun, Byung-Gon;Cox, Landon P;Jung, Jaeyeon;;;;;;;
Liang, Chieh-Jan Mike;Lane, Nicholas D;Brouwers, Niels;Zhang, Li;Karlsson, Borje F;Liu, Hao;Liu, Yan;Tang, Jun;Shan, Xiang;Chandra, Ranveer;Zhao, Feng
Huang, Jun Fei;;;;;;;;;;
Hesenius, Marc;Griebe, Tobias;Gries, Stefan;Gruhn, Volker;;;;;;;
Amalfitano, Domenico;Amatucci, Nicola;Fasolino, Anna Rita;Tramontana, Porfirio;Kowalczyk, Emily;Memon, Atif M;;;;;
Pathak, Abhinav;Jindal, Abhilash;Hu, Y Charlie;Midkiff, Samuel P;;;;;;;
Ravindranath, Lenin;Nath, Suman;Padhye, Jitendra;Balakrishnan, Hari;;;;;;;
Hao, S;Liu, Bin;Nath, Suman;Halfond, W G J;Govindan, R;;;;;;
Chin, Erika;Felt, A p;Greenwood, Kate;Wagner, David;;;;;;;
Yang, Shengqian;Yan, Dacong;Rountev, Atanas;;;;;;;;
Ye, Hui;Cheng, Shaoyin;Zhang, Lanbo;Jiang, Fan;;;;;;;
Kirubakaran, B;Karthikeyani, V;;;;;;;;;
Jaaskelainen, Antti;Kervinen, Antti;Katara, Mika;;;;;;;;
Costa, P;Paiva, Ana C R;Nabuco, M;;;;;;;;
Morgado, Ines Coimbra;Paiva, Ana C R;Faria, Joao Pascoal;;;;;;;;
Griebe, Tobias;Gruhn, Volker;;;;;;;;;
Vieira, Vaninha;Holl, Konstantin;Hassel, Michael;;;;;;;;
Hou, Ying;Chen, Rong;Du, Zhenjun;;;;;;;;
Wang, Zhenglei;Du, Zhenjun;Chen, Rong;;;;;;;;
Bertolino, Antonia;De Angelis, Guglielmo;Lonetti, Francesca;Sabetta, Antonino;;;;;;;
Salva, Sebastien;Zafimiharisoa, Stassia R;Laurenc, Patrice;;;;;;;;
Li, Ang;Qin, Zishan;Chen, Mingsong;Liu, Jing;;;;;;;
Karami, Mohammad;Elsabagh, Mohamed;Najafiborazjani, Parnian;Stavrou, Angelos;;;;;;;
Villanes, Isabel Karina;Costa, Erick Alexandre Bezerra;Dias-Neto, Arilo Claudio;;;;;;;;
Choi, Wontae;Necula, George;Sen, Koushik;;;;;;;;
Azim, Tanzirul;Neamtiu, Iulian;;;;;;;;;
Hu, Yongjian;Azim, Tanzirul;Neamtiu, Iulian;;;;;;;;
Maiya, Pallavi;Kanade, Aditya;Majumdar, Rupak;;;;;;;;
Hsiao, Chun-Hung;Yu, Jie;Narayanasamy, Satish;Kong, Ziyun;Pereira, Cristiano L;Pokam, Gilles A;Chen, Peter M;Flinn, Jason;;;
Haller, Klaus;;;;;;;;;;
Mirzaei, Nariman;Malek, Sam;Pasareanu, Corina S;Esfahani, Naeem;Mahmood, Riyadh;;;;;;
Mahmood, Riyadh;Mirzaei, Nariman;Malek, Sam;;;;;;;;
Khalid, Hammad;Nagappan, Meiyappan;Shihab, Emad;Hassan, Ahmed E;;;;;;;
Banerjee, Abhijeet;Chong, Lee Kee;Chattopadhyay, Sudipta;Roychoudhury, Abhik;;;;;;;
Anand, Saswat;Naik, Mayur;Harrold, Mary Jean;Yang, Hongseok;;;;;;;
Edmondson, J;Gokhale, A;Neema, S;;;;;;;;
Amalfitano, Domenico;Fasolino, Anna Rita;Tramontana, Porfirio;Ta, Bryan Dzung;Memon, Atif M;;;;;;
Janicki, Marek;Katara, Mika;Paakkonen, Tuula;;;;;;;;
Zhang, Tao;Gao, Jerry;Cheng, Jing;Uehara, Tadahiro;;;;;;;
Cheng, Jing;Zhu, Yian;Zhang, Tao;Zhu, Chuanxi;Zhou, Wenqiang;;;;;;
Zhang, Shenbin;Pi, Bingfeng;;;;;;;;;
Aktouf, O E K;Zhang, Tao;Gao, Jerry;Uehara, Tadahiro;;;;;;;
Zheng, Cong;Zhu, Shixiong;Dai, Shuaifu;Gu, Guofei;Gong, Xiaorui;Han, Xinhui;Zou, Wei;;;;
Schweighofer, T;Hericko, Marjan;;;;;;;;;
Arzensek, Bostjan;Hericko, Marjan;;;;;;;;;
Dhanapal, K;Deepak, K;Sharma, S;Joglekar, S;Narang, A;Vashistha, A;Salunkhe, P;Rai, H;Somasundara, A;Paul, S;
Dhanapal, K;Sankaran, S;Somasundara, A;Paul, S;;;;;;;
Kim, Heejin;Choi, Byoungju;Wong, W Eric;;;;;;;;
Song, Hyungkeun;Ryoo, Seokmoon;Kim, Jin Hyung;;;;;;;;
Zhang, Pingyu;Elbaum, Sebastian;;;;;;;;;
Sama, Michele;Elbaum, Sebastian;Raimondi, Franco;Rosenblum, David S;Wang, Zhimin;;;;;;
Liu, Yepang;Xu, Chang;Cheung, S C;Lu, Jian;;;;;;;
Lin, Ying Dar;Rojas, Jose F;Chu, Edward T H;Lai, Yuan Cheng;;;;;;;
Bhoraskar, Ravi;Han, Seungyeop;Jeon, Jinseong;Azim, Tanzirul;Chen, Shuo;Jung, Jaeyeon;Nath, Suman;Wang, Rui;Wetherall, David;;
Kim, Haeng Kon;;;;;;;;;;
Amalfitano, Domenico;Amatucci, Nicola;Fasolino, Anna Rita;Gentile, Ugo;Mele, Gianluca;Nardone, Roberto;Vittorini, Valeria;Marrone, Stefano;;;
Amalfitano, Domenico;Fasolino, Anna Rita;Tramontana, Porfirio;Robbins, Bryan;;;;;;;
Kim, Haeng Kon;;;;;;;;;;
Zein, Samer;Salleh, Norsaremah;Grundy, John;;;;;;;;
Griebe, Tobias;Hesenius, Marc;Gruhn, Volker;;;;;;;;
Starov, Oleksii;Vilkomir, Sergiy;Gorbenko, Anatoliy;Kharchenko, Vyacheslav;;;;;;;
Turner, Hamilton;White, Jules;Reed, Jeff;Galindo, Jose;Porter, Adam;Marathe, Madhav;Vullikanti, Anil;Gokhale, Aniruddha;;;
Thampi, Sabu M;Bandyopadhyay, Sanghamitra;Krishnan, Sri;Li, Kuan-Ching;Mosin, Sergey;Maode Ma;;;;;
Gawkowski, Piotr;Pawelczyk, Przemyslaw;Sosnowski, Janusz;Cabaj, Krzysztof;Gajda, Marcin;;;;;;
Ma, Xiaoxiao;Yan, Bo;Chen, Guanling;Zhang, Chunhui;Huang, Ke;Drury, Jill;;;;;
